game_id,game_name,release_date,genre
4503,NFL Blitz,2012-01-03,Sports
28363,UFC Undisputed 3,2012-01-03,Action
12092,Age of Empires III: Complete Collection,2012-01-05,Strategy
27142,Rhythm Thief & the Emperor's Treasure,2012-01-19,Misc
18142,Oil Rush,2012-01-25,Strategy
87795,Tropico 3: Gold Edition,2012-01-26,Strategy
719,Deponia,2012-01-27,Adventure
5617,NeverDead,2012-01-31,Shooter
578,Star Trek Online,2012-01-31,Role-Playing
4229,Ragnarok Odyssey,2012-02-02,Role-Playing
4185,Kingdoms of Amalur: Reckoning,2012-02-07,Role-Playing
4223,The Darkness II,2012-02-07,Shooter
4348,Gravity Rush,2012-02-09,Action
41063,Grand Slam Tennis 2,2012-02-09,Sports
4145,Twisted Metal,2012-02-14,Action
28577,Ninja Gaiden 3,2012-02-14,Action
4461,Little Deviants,2012-02-14,Platform
4225,Zero Escape: Virtue's Last Reward,2012-02-16,Adventure
3965,Binary Domain,2012-02-16,Action
4429,Reality Fighters,2012-02-22,Fighting
4435,MotorStorm RC,2012-02-22,Racing
4284,SSX,2012-02-28,Sports
24244,Shin Megami Tensei: Devil Survivor 2,2012-02-28,Role-Playing
4254,One Piece: Pirate Warriors,2012-03-01,Action
4439,Mass Effect 3,2012-03-05,Role-Playing
14784,Blades of Time,2012-03-06,Action
4438,Unit 13,2012-03-06,Shooter
5694,Top Gun: Hard Lock,2012-03-09,Action
24247,Mario Party 9,2012-03-11,Misc
3254,Journey,2012-03-13,Adventure
29082,Silent Hill: Downpour,2012-03-13,Action
4067,Tales of Graces f,2012-03-13,Role-Playing
4293,Legasista,2012-03-15,Role-Playing
19567,Resident Evil: Operation Raccoon City,2012-03-20,Action
14935,Total War: Shogun 2 - Fall of the Samurai,2012-03-22,Strategy
4009,Mugen Souls,2012-03-22,Role-Playing
28583,Kinect Star Wars,2012-03-22,Action
4234,Devil May Cry HD Collection,2012-03-22,Action
27124,Kid Icarus: Uprising,2012-03-23,Action
23916,Pandora's Tower,2012-04-13,Role-Playing
4410,Disgaea 3: Absence of Detention,2012-04-17,Role-Playing
7241,Botanicula,2012-04-18,Adventure
10991,Code of Princess,2012-04-19,Action
19584,Risen 2: Dark Waters,2012-04-23,Role-Playing
3892,Sniper Elite V2,2012-05-01,Shooter
11387,Port Royale 3,2012-05-04,Simulation
40892,Starhawk,2012-05-08,Action
23600,Diablo III,2012-05-15,Role-Playing
4280,Max Payne 3,2012-05-15,Shooter
267220,Game of Thrones,2012-05-15,Role-Playing
27133,Mario Tennis Open,2012-05-20,Sports
4345,Tom Clancy's Ghost Recon: Future Soldier,2012-05-22,Shooter
4297,Dragon's Dogma,2012-05-22,Role-Playing
4369,Sorcery,2012-05-22,Action
4347,DiRT Showdown,2012-05-24,Racing
4362,Resistance: Burning Skies,2012-05-29,Shooter
5610,Lollipop Chainsaw,2012-06-12,Action
4332,Spec Ops: The Line,2012-06-26,Shooter
3634,Ratchet & Clank Collection,2012-06-27,Action
38055,The Secret World,2012-07-03,Role-Playing
40468,Phantasy Star Online 2,2012-07-04,Role-Playing
4227,Dokuro,2012-07-05,Action
4326,NCAA Football 13,2012-07-10,Action
27145,Kirby's Pinball Land,2012-07-12,Misc
3594,Danganronpa 2: Goodbye Despair,2012-07-26,Misc
27159,New Super Mario Bros. 2,2012-07-28,Platform
10824,The Book of Unwritten Tales,2012-07-30,Adventure
12010,Real Heroes: Firefighter,2012-08-10,Action
16113,Sleeping Dogs,2012-08-14,Action
26898,The Last Story,2012-08-14,Role-Playing
4179,Darksiders II,2012-08-14,Action
4273,Madden NFL 13,2012-08-28,Sports
29746,Guild Wars 2,2012-08-28,Action
3824,Hyperdimension Neptunia Victory,2012-08-30,Role-Playing
29063,NHL 13,2012-09-11,Sports
802,Borderlands 2,2012-09-18,Shooter
4267,F1 2012,2012-09-18,Racing
24227,Pro Evolution Soccer 2013,2012-09-19,Sports
17659,The Testament of Sherlock Holmes,2012-09-20,Adventure
4251,LittleBigPlanet PS Vita,2012-09-25,Platform
4248,Dishonored,2012-09-25,Action
3879,Angry Birds Trilogy,2012-09-25,Action
4247,Dead or Alive 5,2012-09-25,Fighting
41162,World of Warcraft: Mists of Pandaria,2012-09-25,Role-Playing
4156,Earth Defense Force 2017 Portable,2012-09-27,Action
3829,Ys: Memories of Celceta,2012-09-27,Action
2597,LEGO The Lord of the Rings,2012-09-28,Action
4124,Just Dance 4,2012-10-02,Misc
4211,NBA 2K13,2012-10-02,Sports
2623,Resident Evil 6,2012-10-02,Shooter
13910,XCOM: Enemy Unknown,2012-10-09,Strategy
28527,Fable: The Journey,2012-10-09,Role-Playing
4237,Spy Hunter,2012-10-09,Racing
41416,Time and Eternity,2012-10-11,Role-Playing
4230,Silent Hill: Book of Memories,2012-10-16,Action
28529,Dance Central 3,2012-10-16,Misc
26909,Zumba Fitness Core,2012-10-16,Misc
9609,Euro Truck Simulator 2,2012-10-19,Action
5656,Skylanders Giants,2012-10-19,Action
28637,Forza Horizon,2012-10-23,Racing
4219,Medal of Honor: Warfighter,2012-10-23,Action
41607,Farming Simulator 2013,2012-10-25,Simulation
4117,Zone of the Enders HD Collection,2012-10-25,Simulation
4209,Assassin's Creed III: Liberation,2012-10-30,Action
26914,WWE '13,2012-10-30,Action
28444,Nike+ Kinect Training,2012-10-30,Sports
4175,Ratchet & Clank: Full Frontal Assault,2012-10-31,Adventure
4073,Dollar Dash,2012-10-31,Action
41659,Football Manager 2013,2012-11-02,Sports
4199,LittleBigPlanet Karting,2012-11-06,Action
27181,Harvest Moon 3D: A New Beginning,2012-11-06,Action
28627,Halo 4,2012-11-06,Shooter
4167,Mass Effect Trilogy,2012-11-06,Action
1914,Angry Birds Star Wars,2012-11-08,Strategy
27953,Animal Crossing: New Leaf,2012-11-08,Simulation
27185,Paper Mario: Sticker Star,2012-11-11,Role-Playing
14446,Call of Duty: Black Ops II,2012-11-13,Shooter
32484,The Sims 3: Seasons,2012-11-13,Simulation
966,Sonic & All-Stars Racing Transformed,2012-11-16,Racing
27196,Nintendo Land,2012-11-18,Misc
27192,ZombiU,2012-11-18,Action
27967,New Super Mario Bros. U,2012-11-18,Platform
5583,Hitman: Absolution,2012-11-19,Action
4187,PlayStation All-Stars Battle Royale,2012-11-20,Action
41606,Family Guy: Back to the Multiverse,2012-11-20,Action
4161,Far Cry 3,2012-11-28,Shooter
10810,The Book of Unwritten Tales: The Critter Chronicles,2012-12-04,Action
28543,PowerUp Heroes,2012-12-04,Fighting
2977,Yakuza 5,2012-12-06,Action
27265,Project X Zone,2012-12-11,Role-Playing
18241,DmC: Devil May Cry,2013-01-15,Action
4136,Disgaea: Hour of Darkness,2013-01-15,Role-Playing
42056,The Guided Fate Paradox,2013-01-24,Role-Playing
41362,Omerta: City of Gangsters,2013-01-31,Simulation
4151,Bentley's Hackpack,2013-02-05,Misc
4154,Dead Space 3,2013-02-05,Action
4098,Sly Cooper: Thieves in Time,2013-02-05,Platform
3991,Aliens: Colonial Marines,2013-02-11,Shooter
4125,Crysis 3,2013-02-19,Shooter
4094,Metal Gear Rising: Revengeance,2013-02-19,Action
24039,Professor Layton and the Azran Legacy,2013-02-28,Puzzle
3958,Dynasty Warriors 8,2013-02-28,Action
41324,SimCity (2013),2013-03-05,Simulation
41782,MLB 13: The Show,2013-03-05,Sports
4090,Atelier Ayesha: The Alchemist of Dusk,2013-03-05,Role-Playing
5286,Tomb Raider (2013),2013-03-05,Action
27230,Castlevania: Lords of Shadow - Mirror of Fate,2013-03-05,Action
4026,Soul Sacrifice,2013-03-07,Role-Playing
17600,Sniper: Ghost Warrior 2,2013-03-12,Shooter
3882,God of War: Ascension,2013-03-12,Action
38945,StarCraft II: Heart of the Swarm,2013-03-12,Strategy
4077,Darkstalkers Resurrection,2013-03-12,Fighting
28628,Gears of War: Judgment,2013-03-19,Shooter
24101,The Walking Dead: Survival Instinct,2013-03-19,Shooter
41785,One Piece: Pirate Warriors 2,2013-03-20,Action
27235,Luigi's Mansion: Dark Moon,2013-03-20,Action
4062,BioShock Infinite,2013-03-26,Shooter
27263,Game & Wario,2013-03-28,Misc
4057,Defiance,2013-04-02,Shooter
211,Injustice: Gods Among Us,2013-04-03,Fighting
3691,Mugen Souls Z,2013-04-25,Role-Playing
28395,Metro: Last Light,2013-05-13,Action
27253,Fast & Furious: Showdown,2013-05-21,Action
3884,Valhalla Knights 3,2013-05-23,Role-Playing
24075,Shin Megami Tensei IV,2013-05-23,Role-Playing
4003,GRID 2,2013-05-27,Racing
16700,The Night of the Rabbit,2013-05-28,Adventure
29001,Two Worlds,2013-06-01,Role-Playing
4000,Remember Me,2013-06-04,Action
19536,State of Decay,2013-06-06,Strategy
20779,The Game of Life,2013-06-10,Misc
3992,Contra: Shattered Soldier,2013-06-11,Shooter
3870,PAC-MAN and the Ghostly Adventures,2013-06-19,Platform
24093,New Super Luigi U,2013-06-19,Platform
3044,Deadpool,2013-06-25,Action
10243,Company of Heroes 2,2013-06-25,Strategy
27309,Etrian Odyssey Untold: The Millennium Girl,2013-06-27,Role-Playing
1412,Colin McRae Rally,2013-06-27,Racing
28562,Rise of Nightmares,2013-07-09,Action
3946,Metal Gear Solid: The Legacy Collection,2013-07-09,Adventure
3971,NCAA Football 14,2013-07-09,Sports
27284,Mario & Luigi: Dream Team,2013-07-12,Role-Playing
27973,Pikmin 3,2013-07-13,Strategy
3957,Capcom vs. SNK 2: Mark of the Millennium 2001,2013-07-16,Fighting
24204,Turbo: Super Stunt Squad,2013-07-16,Sports
24206,The Smurfs 2,2013-07-23,Platform
3941,Dragon's Crown,2013-07-25,Role-Playing
3741,The Witch and the Hundred Knight,2013-07-25,Role-Playing
27324,Phoenix Wright: Ace Attorney - Dual Destinies,2013-07-25,Adventure
3683,Mind Zero,2013-08-01,Role-Playing
3943,Tales of Xillia,2013-08-06,Role-Playing
18240,Brothers: A Tale of Two Sons,2013-08-07,Adventure
2592,DuckTales: Remastered,2013-08-13,Action
56,The Inner World,2013-08-15,Adventure
5545,Disney Infinity,2013-08-18,Action
3931,Saints Row IV,2013-08-20,Action
3932,The Bureau: XCOM Declassified,2013-08-20,Shooter
27297,The Wonderful 101,2013-08-23,Action
3923,Lost Planet 3,2013-08-26,Shooter
3851,Madden NFL 25,2013-08-27,Sports
3771,Rayman Legends,2013-08-29,Platform
41561,Total War: Rome II,2013-09-03,Strategy
3909,Killzone: Mercenary,2013-09-04,Shooter
28597,NHL 14,2013-09-10,Sports
3911,Puppeteer,2013-09-10,Platform
3498,Grand Theft Auto V,2013-09-17,Action
42120,Pro Evolution Soccer 2014,2013-09-20,Action
5783,FIFA 14,2013-09-23,Sports
2998,The Mark of Kri,2013-09-24,Action
3901,Armored Core: Verdict Day,2013-09-24,Simulation
19294,Scribblenauts Unmasked: A DC Comics Adventure,2013-09-24,Puzzle
3847,Just Dance 2014,2013-09-25,Misc
3661,Battle Princess of Arcadias,2013-09-26,Role-Playing
3855,NBA 2K14,2013-10-01,Sports
27308,Rune Factory 4,2013-10-01,Role-Playing
3888,F1 2013,2013-10-03,Racing
3887,Disgaea D2: A Brighter Darkness,2013-10-08,Role-Playing
26970,SpongeBob SquarePants: Plankton's Robotic Revenge,2013-10-10,Shooter
3586,Fairy Fencer F,2013-10-10,Role-Playing
1682,The Wolf Among Us,2013-10-10,Adventure
26968,Skylanders SWAP Force,2013-10-13,Platform
15712,Goodbye Deponia,2013-10-15,Adventure
2235,Batman: Arkham Origins,2013-10-16,Action
42247,Saint Seiya: Brave Soldiers,2013-10-17,Fighting
14988,Sonic Lost World,2013-10-18,Platform
3793,Truck Racer,2013-10-18,Racing
26969,Teenage Mutant Ninja Turtles,2013-10-22,Action
3850,LEGO Marvel Super Heroes,2013-10-22,Action
3873,Batman: Arkham Origins Blackgate,2013-10-25,Action
27972,Wii Party U,2013-10-25,Misc
3842,Battlefield 4,2013-10-29,Shooter
3872,WWE 2K14,2013-10-29,Sports
42330,Football Manager 2014,2013-10-30,Sports
27327,Wii Fit U,2013-10-31,Sports
2494,Battle Worlds: Kronos,2013-11-03,Strategy
7439,Call of Duty: Ghosts,2013-11-05,Shooter
27328,Ben 10 Omniverse 2,2013-11-05,Action
3856,Ratchet & Clank: Into the Nexus,2013-11-06,Shooter
42240,Doki-Doki Universe,2013-11-12,Adventure
41687,God Eater 2,2013-11-14,Role-Playing
10311,X Rebirth,2013-11-14,Simulation
3838,Need for Speed Rivals,2013-11-15,Racing
3849,Knack,2013-11-15,Platform
3834,Contrast,2013-11-15,Platform
989,Fighter Within,2013-11-19,Fighting
3840,Young Justice: Legacy,2013-11-19,Action
3830,Tearaway,2013-11-20,Adventure
27974,Super Mario 3D World,2013-11-21,Platform
42233,Dead Rising 3,2013-11-22,Action
24054,Mario Party: Island Tour,2013-11-22,Misc
46431,Forza Motorsport 5,2013-11-22,Racing
17803,Ryse: Son of Rome,2013-11-22,Action
27977,The Legend of Zelda: A Link Between Worlds,2013-11-22,Action
660,Killer Instinct,2013-11-22,Fighting
3825,Metal Gear Solid VR Missions,2013-11-26,Adventure
3739,Dynasty Warriors 8: Xtreme Legends,2013-11-28,Action
3820,Gran Turismo 6,2013-12-05,Racing
2255,7 Days to Die,2013-12-13,Action
27358,NES Remix,2013-12-18,Action
3689,Drakengard 3,2013-12-19,Role-Playing
21509,Captain Morgane and the Golden Turtle,2014-01-03,Adventure
10633,Cold War,2014-01-08,Shooter
27407,Kirby: Triple Deluxe,2014-01-11,Platform
14729,Guilty Gear Isuka,2014-01-16,Fighting
3796,Dragon Ball Z: Battle of Z,2014-01-23,Fighting
2548,Shantae and the Pirate's Curse,2014-02-05,Platform
27913,Puyo Puyo Tetris,2014-02-06,Puzzle
3783,Toukiden: The Age of Demons,2014-02-11,Action
27370,Inazuma Eleven,2014-02-13,Role-Playing
27978,Donkey Kong Country: Tropical Freeze,2014-02-13,Platform
3768,Earth Defense Force 2025,2014-02-18,Shooter
42519,NASCAR '14,2014-02-18,Racing
3759,Castlevania: Lords of Shadow 2,2014-02-21,Action
3763,Tales of Symphonia,2014-02-25,Role-Playing
3738,Deception IV: Blood Ties,2014-02-27,Action
3749,Yaiba: Ninja Gaiden Z,2014-02-27,Action
3757,South Park: The Stick of Truth,2014-03-04,Role-Playing
3670,Soul Sacrifice Delta,2014-03-06,Action
3751,Dark Souls II,2014-03-11,Role-Playing
42230,Titanfall,2014-03-11,Shooter
27375,Yoshi's New Island,2014-03-14,Platform
3747,Metal Gear Solid V: Ground Zeroes,2014-03-18,Action
17839,Creeper World 3: Arc Eternal,2014-03-27,Strategy
1959,Goat Simulator,2014-04-01,Simulation
41458,The Elder Scrolls Online,2014-04-04,Role-Playing
1477,McDROID,2014-04-08,Strategy
7518,Kinect Sports Rivals,2014-04-08,Sports
3729,LEGO The Hobbit,2014-04-08,Action
3410,Tokyo Twilight Ghost Hunters,2014-04-10,Role-Playing
24028,Disney Magical World,2014-04-11,Adventure
9385,Mechanic Escape,2014-04-15,Platform
3726,Trials Fusion,2014-04-15,Racing
3720,Conception II: Children of the Seven Stars,2014-04-15,Role-Playing
42582,2014 FIFA World Cup Brazil,2014-04-15,Sports
3608,The Golf Club,2014-04-17,Sports
3715,Demon Gaze,2014-04-22,Role-Playing
3647,Child of Light,2014-04-29,Role-Playing
27405,Mario Golf: World Tour,2014-05-01,Sports
3667,Enemy Front,2014-05-01,Shooter
3702,Hakuoki: Stories of the Shinsengumi,2014-05-06,Adventure
12939,Wildlife Park 3,2014-05-12,Simulation
3696,Wolfenstein: The New Order,2014-05-19,Shooter
3358,Tropico 5,2014-05-22,Simulation
3687,Watch Dogs,2014-05-27,Action
3421,Hyperdevotion Noire: Goddess Black Heart,2014-05-29,Role-Playing
27976,Mario Kart 8,2014-05-29,Racing
3427,Murdered: Soul Suspect,2014-06-03,Action
3316,Ultra Street Fighter IV,2014-06-03,Fighting
23976,Persona Q: Shadow of the Labyrinth,2014-06-05,Role-Playing
27980,Tomodachi Life,2014-06-06,Simulation
3656,GRID Autosport,2014-06-24,Racing
3363,Shovel Knight,2014-06-26,Platform
3651,Sniper Elite 3,2014-06-26,Shooter
3527,Freedom Wars,2014-06-26,Role-Playing
41490,Divinity: Original Sin,2014-06-30,Role-Playing
3414,Oreshika: Tainted Bloodlines,2014-07-17,Role-Playing
3125,Corpse Party: Blood Drive,2014-07-24,Adventure
3299,Operation Abyss: New Tokyo Legacy,2014-07-24,Role-Playing
3628,Sacred 3,2014-07-31,Role-Playing
3244,Lost Dimension,2014-08-07,Role-Playing
23764,Hyrule Warriors,2014-08-14,Action
15183,Azure Striker Gunvolt,2014-08-20,Action
3602,Madden NFL 15,2014-08-26,Sports
3324,Hyperdimension Neptunia U: Action Unleashed,2014-08-28,Action
42187,The Sims 4,2014-09-02,Simulation
3560,NBA 2K15,2014-09-07,Sports
894,Destiny,2014-09-09,Shooter
3593,NHL 15,2014-09-09,Sports
23763,Super Smash Bros.,2014-09-13,Fighting
41336,Wasteland 2,2014-09-19,Role-Playing
3580,FIFA 15,2014-09-20,Sports
23760,Bayonetta 2,2014-09-20,Action
3188,Danganronpa Another Episode: Ultra Despair Girls,2014-09-25,Action
3407,The Awakened Fate Ultimatum,2014-09-25,Role-Playing
28633,Forza Horizon 2,2014-09-30,Racing
3507,WWE 2K15,2014-09-30,Sports
3536,F1 2014,2014-10-02,Racing
3352,Omega Quintet,2014-10-02,Role-Playing
3556,Alien: Isolation,2014-10-06,Shooter
42235,Project Spark,2014-10-07,Misc
3554,The Evil Within,2014-10-12,Action
3543,Borderlands: The Pre-Sequel,2014-10-13,Shooter
3538,Just Dance 2015,2014-10-21,Misc
13694,Sid Meier's Civilization: Beyond Earth,2014-10-23,Strategy
27483,Fantasy Life,2014-10-24,Role-Playing
2047,Lords of the Fallen,2014-10-28,Role-Playing
42941,Teenage Mutant Ninja Turtles: Danger of the Ooze,2014-10-28,Adventure
3532,SingStar,2014-10-28,Misc
6773,Sunset Overdrive,2014-10-28,Shooter
3255,Onechanbara Z2: Chaos,2014-10-30,Action
842,Call of Duty: Advanced Warfare,2014-11-03,Shooter
27518,Ultimate NES Remix,2014-11-07,Action
27505,Sonic Boom: Rise of Lyric,2014-11-11,Action
6620,Shape Up,2014-11-11,Misc
3515,Pro Evolution Soccer 2015,2014-11-11,Sports
857,Halo: The Master Chief Collection,2014-11-11,Shooter
3511,Digimon All-Star Rumble,2014-11-11,Fighting
23767,Captain Toad: Treasure Tracker,2014-11-13,Puzzle
1090,This War of Mine,2014-11-13,Action
42455,World of Warcraft: Warlords of Draenor,2014-11-13,Action
3423,Rugby 15,2014-11-14,Sports
3497,Far Cry 4,2014-11-18,Shooter
3496,Escape Dead Island,2014-11-18,Action
6591,Rabbids Invasion: The Interactive TV Show,2014-11-18,Misc
28559,Dragon Age: Inquisition,2014-11-18,Role-Playing
3495,Adventure Time: The Secret of the Nameless Kingdom,2014-11-18,Action
3501,LittleBigPlanet 3,2014-11-18,Platform
3489,The Crew,2014-12-01,Racing
3474,Lara Croft and the Temple of Osiris,2014-12-08,Action
2968,Earth Defense Force 2: Invaders from Planet Space,2014-12-11,Action
12929,The Talos Principle,2014-12-11,Puzzle
9501,Microsoft Flight Simulator X,2014-12-18,Simulation
1391,Assetto Corsa,2014-12-19,Racing
3459,The Order: 1886,2015-01-13,Shooter
2510,Stranger of Sword City,2015-01-22,Role-Playing
3121,Tales of Zestiria,2015-01-22,Role-Playing
42215,Dying Light,2015-01-27,Action
19687,Ghost Pirates of Vooju Island,2015-01-27,Adventure
3439,Life is Strange,2015-01-29,Adventure
11043,Making History: The Great War,2015-01-29,Strategy
40931,Raven's Cry,2015-01-30,Role-Playing
3433,Evolve,2015-02-10,Shooter
23771,Monster Hunter 4 Ultimate,2015-02-13,Role-Playing
23768,The Legend of Zelda: Majora's Mask 3D,2015-02-13,Action
2386,The Book of Unwritten Tales 2,2015-02-20,Adventure
27557,Kirby and the Rainbow Curse,2015-02-20,Platform
10261,Homeworld Remastered Collection,2015-02-24,Strategy
13331,Disney's Chicken Little,2015-02-24,Platform
3416,Zombie Army Trilogy,2015-03-03,Shooter
10065,Cities: Skylines,2015-03-10,Simulation
27572,Code Name: S.T.E.A.M.,2015-03-13,Strategy
27981,Mario Party 10,2015-03-20,Misc
3388,Borderlands: The Handsome Collection,2015-03-24,Shooter
3395,LEGO Ninjago: Shadow of Ronin,2015-03-24,Action
3387,Bloodborne,2015-03-24,Action
3057,Sword Art Online: Lost Song,2015-03-26,Role-Playing
15829,Pillars of Eternity,2015-03-26,Role-Playing
27581,Story of Seasons,2015-03-31,Simulation
9920,War for the Overworld,2015-04-01,Strategy
108,Mortal Kombat X,2015-04-07,Fighting
2412,Dungeons 2,2015-04-23,Role-Playing
3346,Wolfenstein: The Old Blood,2015-05-04,Action
3336,Project CARS,2015-05-06,Racing
3328,The Witcher 3: Wild Hunt,2015-05-18,Role-Playing
3311,Vitamin Z,2015-05-27,Adventure
23935,Splatoon,2015-05-29,Shooter
27612,Harvest Moon: Friends of Mineral Town,2015-06-11,Simulation
3294,LEGO Jurassic World,2015-06-11,Action
3287,Batman: Arkham Knight,2015-06-22,Action
2382,MotoGP 15,2015-06-23,Racing
42957,Final Fantasy XIV: Heavensward,2015-06-26,Action
21242,N2O: Nitrous Oxide,2015-06-29,Racing
16893,Sacra Terra: Angelic Night,2015-07-02,Puzzle
2665,Aegis of Earth: Protonovus Assault,2015-07-02,Action
3272,Rocket League,2015-07-07,Sports
3251,F1 2015,2015-07-09,Racing
3243,Legend of Kay Anniversary,2015-07-27,Action
2479,Ray Gigant,2015-07-30,Role-Playing
7613,Rare Replay,2015-08-04,Misc
331090,Gal Gun: Double Peace,2015-08-06,Action
3228,Toy Soldiers: War Chest,2015-08-11,Action
3204,Madden NFL 16,2015-08-25,Sports
43242,Gears of War: Ultimate Edition,2015-08-25,Shooter
3209,Until Dawn,2015-08-25,Adventure
3192,Metal Gear Solid V: The Phantom Pain,2015-09-01,Action
42952,Act of Aggression,2015-09-02,Strategy
1856,Rugby World Cup 2015,2015-09-04,Sports
3186,Tearaway Unfolded,2015-09-08,Platform
27651,Hatsune Miku: Project Mirai DX,2015-09-08,Misc
27984,Super Mario Maker,2015-09-11,Platform
8098,Forza Motorsport 6,2015-09-15,Racing
43350,Destiny: The Taken King,2015-09-15,Shooter
43358,Pro Evolution Soccer 2016,2015-09-15,Sports
3129,Grand Ages: Medieval,2015-09-24,Strategy
27986,Animal Crossing: Happy Home Designer,2015-09-25,Simulation
3154,NBA 2K16,2015-09-25,Sports
2956,Tony Hawk's Pro Skater 5,2015-09-29,Sports
17283,Might & Magic Heroes VII,2015-09-29,Strategy
3156,Persona 4: Dancing All Night,2015-09-29,Misc
2612,Nights of Azure,2015-10-01,Action
12320,Prison Architect,2015-10-05,Action
27987,Chibi-Robo! Zip Lash,2015-10-09,Platform
15916,Minecraft: Story Mode,2015-10-13,Adventure
42895,Assassin's Creed Syndicate,2015-10-13,Action
3127,Goosebumps: The Game,2015-10-13,Adventure
27662,The Legend of Legacy,2015-10-13,Role-Playing
2459,MegaTagmension Blanc + Neptune VS Zombies,2015-10-15,Action
27989,Yoshi's Woolly World,2015-10-16,Platform
2271,Guitar Hero Live,2015-10-20,Misc
3117,Just Dance 2016,2015-10-20,Misc
23900,Fatal Frame: Maiden of Black Water,2015-10-22,Action
3062,Let's Sing 2016,2015-10-23,Action
27991,The Legend of Zelda: Tri Force Heroes,2015-10-23,Action
8444,Halo 5: Guardians,2015-10-27,Shooter
3107,MX vs. ATV Supercross Encore,2015-10-27,Sports
3111,WWE 2K16,2015-10-27,Sports
17282,Anno 2205,2015-11-02,Strategy
3080,Barbie and Her Sisters Puppy Rescue,2015-11-03,Action
2134,Fairy Fencer F: Advent Dark Force,2015-11-05,Role-Playing
3070,Fallout 4,2015-11-09,Role-Playing
7689,Rise of the Tomb Raider,2015-11-10,Adventure
15945,Mushihimesama,2015-11-12,Action
27994,Animal Crossing: Amiibo Festival,2015-11-13,Misc
43440,Football Manager 2016,2015-11-13,Simulation
14963,Circuit Breakers,2015-11-17,Racing
27683,Stella Glow,2015-11-17,Role-Playing
3051,Monster High: New Ghoul in School,2015-11-17,Action
2309,Grand Kingdom,2015-11-19,Role-Playing
13070,Atelier Sophie: The Alchemist of the Mysterious Book,2015-11-19,Role-Playing
1709,Handball 16,2015-11-27,Sports
3017,Just Cause 3,2015-11-30,Action
23756,Xenoblade Chronicles X,2015-12-04,Role-Playing
2572,DiRT Rally,2015-12-07,Racing
2855,Nitroplus Blasterz: Heroines Infinite Duel,2015-12-10,Fighting
2952,PaRappa The Rapper 2,2015-12-15,Misc
23754,Kung Fu Panda: Showdown of Legendary Legends,2015-12-15,Action
1014,Exist Archive: The Other Side of the Sky,2015-12-17,Role-Playing
2203,Assault Suit Leynos,2015-12-23,Shooter
2564,Amplitude,2016-01-05,Misc
44525,Yakuza Kiwami,2016-01-21,Adventure
23758,Mario & Luigi: Paper Jam,2016-01-22,Role-Playing
2866,LEGO Marvel's Avengers,2016-01-26,Action
23775,Final Fantasy Explorers,2016-01-26,Role-Playing
2848,Gravity Rush Remastered,2016-02-02,Action
1256,XCOM 2,2016-02-04,Strategy
2818,Breath of Fire III,2016-02-09,Role-Playing
330884,Assassin's Creed Chronicles,2016-02-09,Action
2519,Rugby Challenge 3,2016-02-10,Sports
2805,Street Fighter V,2016-02-15,Fighting
10717,Bus Simulator 16,2016-03-02,Simulation
24182,The Legend of Zelda: Twilight Princess HD,2016-03-04,Action
2662,Paragon,2016-03-15,Action
6617,Quantum Break,2016-04-05,Action
2551,Dark Souls III,2016-04-11,Role-Playing
2553,Ratchet & Clank (2016),2016-04-12,Platform
28000,Bravely Second: End Layer,2016-04-15,Role-Playing
2384,One Piece: Burning Blood,2016-04-21,Fighting
2468,Battleborn,2016-05-02,Shooter
10040,Stellaris,2016-05-08,Strategy
2422,Homefront: The Revolution,2016-05-17,Shooter
2424,Kinetica,2016-05-17,Racing
10247,htoL#NiQ: The Firefly Diary,2016-05-18,Platform
17684,Koihime Enbu,2016-05-19,Fighting
1601,Lumo,2016-05-23,Puzzle
9845,Total War: WARHAMMER,2016-05-24,Strategy
22508,Overwatch,2016-05-24,Shooter
43576,Teenage Mutant Ninja Turtles: Mutants in Manhattan,2016-05-24,Action
10715,Hearts of Iron IV,2016-06-06,Strategy
2354,Mirror's Edge Catalyst,2016-06-07,Platform
965,Sherlock Holmes: The Devil's Daughter,2016-06-09,Adventure
28007,Kirby: Planet Robobot,2016-06-10,Action
14081,Pro Cycling Manager 2016,2016-06-16,Sports
882,Root Letter,2016-06-16,Adventure
1045,Skylanders Imaginators,2016-06-17,Platform
2310,Mighty No. 9,2016-06-21,Platform
209,Dino Dini's Kick Off Revival,2016-06-24,Sports
2284,The Technomancer,2016-06-27,Role-Playing
2288,Zero Escape: Zero Time Dilemma,2016-06-28,Adventure
2229,Carmageddon: Max Damage,2016-07-05,Action
2222,Song of the Deep,2016-07-11,Action
2104,Ape Escape 2,2016-08-02,Platform
2093,No Man's Sky,2016-08-09,Action
486,Tales of Berseria,2016-08-18,Role-Playing
27964,Metroid Prime: Federation Force,2016-08-19,Action
1447,Deus Ex: Mankind Divided,2016-08-22,Role-Playing
1816,The King of Fighters XIV,2016-08-23,Fighting
1454,Madden NFL 17,2016-08-23,Sports
9802,Fernbus Simulator,2016-08-25,Simulation
43432,World of Warcraft: Legion,2016-08-30,Role-Playing
1343,NASCAR Heat Evolution,2016-09-12,Racing
7039,ReCore,2016-09-13,Action
1347,Pro Evolution Soccer 2017,2016-09-13,Sports
49,Persona 5,2016-09-15,Role-Playing
15825,Stronghold Legends,2016-09-15,Strategy
1303,NBA 2K17,2016-09-16,Sports
1249,FIFA 17,2016-09-27,Sports
881,Forza Horizon 3,2016-09-27,Racing
27832,Azure Striker Gunvolt: Striker Pack,2016-10-04,Action
1169,Mafia III,2016-10-06,Action
375,Ride 2,2016-10-07,Racing
28015,Paper Mario: Color Splash,2016-10-07,Role-Playing
1159,Until Dawn: Rush of Blood,2016-10-10,Adventure
1142,PlayStation VR Worlds,2016-10-10,Misc
1125,WWE 2K17,2016-10-11,Sports
1105,Duke Nukem 3D: 20th Anniversary World Tour,2016-10-11,Shooter
1099,Batman: Arkham VR,2016-10-11,Action
8278,Gears of War 4,2016-10-11,Shooter
1067,Here They Lie,2016-10-13,Adventure
1019,LEGO Harry Potter Collection,2016-10-18,Action
1009,Batman: Return to Arkham,2016-10-18,Action
998,Battlefield 1,2016-10-21,Shooter
943,Farming Simulator 17,2016-10-24,Simulation
956,Just Dance 2017,2016-10-25,Misc
15686,Clockwork Empires,2016-10-26,Strategy
303,Berserk and the Band of the Hawk,2016-10-27,Action
923,Titanfall 2,2016-10-28,Shooter
912,Super Dungeon Bros,2016-11-01,Action
10502,Football Manager 2017,2016-11-03,Simulation
887,Call of Duty: Infinite Warfare,2016-11-04,Shooter
10383,Transport Fever,2016-11-07,Simulation
875,Eagle Flight,2016-11-08,Adventure
880,Robinson: The Journey,2016-11-08,Action
864,Dishonored 2,2016-11-10,Action
9539,RollerCoaster Tycoon World,2016-11-16,Simulation
572,EVE: Valkyrie,2016-11-17,Shooter
10061,Watch Dogs 2,2016-11-28,Action
729,We Sing,2016-12-01,Misc
